Login,Owner,Repo,Contributions
willmcgugan,willmcgugan,rich,1185
nathanrpage97,willmcgugan,rich,58
hedythedev,willmcgugan,rich,39
amartya-dev,willmcgugan,rich,16
evantkchong,willmcgugan,rich,14
taliraj,willmcgugan,rich,11
megaserg,willmcgugan,rich,9
pim-hoeven,willmcgugan,rich,7
ptmcg,willmcgugan,rich,6
Honno,willmcgugan,rich,5
nathanpage-credo,willmcgugan,rich,5
sondrelg,willmcgugan,rich,5
Edward-Knight,willmcgugan,rich,4
DarkCode01,willmcgugan,rich,4
phase06,willmcgugan,rich,4
JettChenT,willmcgugan,rich,3
ssbarnea,willmcgugan,rich,3
abloch,willmcgugan,rich,2
Hultner,willmcgugan,rich,2
heavelock,willmcgugan,rich,2
weilun-intel,willmcgugan,rich,2
mikesmith,willmcgugan,rich,2
simonw,willmcgugan,rich,2
jimms,willmcgugan,rich,2
ubaumann,willmcgugan,rich,2
adamchainz,willmcgugan,rich,1
aklajnert,willmcgugan,rich,1
benleb,willmcgugan,rich,1
browniebroke,willmcgugan,rich,1
lamby,willmcgugan,rich,1
deppiedave64,willmcgugan,rich,1
dongkwan-kim,willmcgugan,rich,1
dtrodrigues,willmcgugan,rich,1
davised,willmcgugan,rich,1
The-Compiler,willmcgugan,rich,1
iisaka51,willmcgugan,rich,1
hamelsmu,willmcgugan,rich,1
jwilk,willmcgugan,rich,1
tirkarthi,willmcgugan,rich,1
MasterOdin,willmcgugan,rich,1
nmstoker,willmcgugan,rich,1
nhumrich,willmcgugan,rich,1
oleksis,willmcgugan,rich,1
patriksvensson,willmcgugan,rich,1
ewels,willmcgugan,rich,1
nneonneo,willmcgugan,rich,1
S0Ulle33,willmcgugan,rich,1
samarsault,willmcgugan,rich,1
timgates42,willmcgugan,rich,1
tomchristie,willmcgugan,rich,1
TrevorS,willmcgugan,rich,1
BIGBALLON,willmcgugan,rich,1
Zethson,willmcgugan,rich,1
calve,willmcgugan,rich,1
ericthkr,willmcgugan,rich,1
furunkel,willmcgugan,rich,1
GTxx,willmcgugan,rich,1
joaqo,willmcgugan,rich,1
luizyao,willmcgugan,rich,1
queragion2726,willmcgugan,rich,1
willmcgugan,willmcgugan,rich,1185
nathanrpage97,willmcgugan,rich,58
hedythedev,willmcgugan,rich,39
amartya-dev,willmcgugan,rich,16
evantkchong,willmcgugan,rich,14
taliraj,willmcgugan,rich,11
megaserg,willmcgugan,rich,9
pim-hoeven,willmcgugan,rich,7
ptmcg,willmcgugan,rich,6
Honno,willmcgugan,rich,5
nathanpage-credo,willmcgugan,rich,5
sondrelg,willmcgugan,rich,5
Edward-Knight,willmcgugan,rich,4
DarkCode01,willmcgugan,rich,4
phase06,willmcgugan,rich,4
JettChenT,willmcgugan,rich,3
ssbarnea,willmcgugan,rich,3
abloch,willmcgugan,rich,2
Hultner,willmcgugan,rich,2
heavelock,willmcgugan,rich,2
weilun-intel,willmcgugan,rich,2
mikesmith,willmcgugan,rich,2
simonw,willmcgugan,rich,2
jimms,willmcgugan,rich,2
ubaumann,willmcgugan,rich,2
adamchainz,willmcgugan,rich,1
aklajnert,willmcgugan,rich,1
benleb,willmcgugan,rich,1
browniebroke,willmcgugan,rich,1
lamby,willmcgugan,rich,1
deppiedave64,willmcgugan,rich,1
dongkwan-kim,willmcgugan,rich,1
dtrodrigues,willmcgugan,rich,1
davised,willmcgugan,rich,1
The-Compiler,willmcgugan,rich,1
iisaka51,willmcgugan,rich,1
hamelsmu,willmcgugan,rich,1
jwilk,willmcgugan,rich,1
tirkarthi,willmcgugan,rich,1
MasterOdin,willmcgugan,rich,1
nmstoker,willmcgugan,rich,1
nhumrich,willmcgugan,rich,1
oleksis,willmcgugan,rich,1
patriksvensson,willmcgugan,rich,1
ewels,willmcgugan,rich,1
nneonneo,willmcgugan,rich,1
S0Ulle33,willmcgugan,rich,1
samarsault,willmcgugan,rich,1
timgates42,willmcgugan,rich,1
tomchristie,willmcgugan,rich,1
TrevorS,willmcgugan,rich,1
BIGBALLON,willmcgugan,rich,1
Zethson,willmcgugan,rich,1
calve,willmcgugan,rich,1
ericthkr,willmcgugan,rich,1
furunkel,willmcgugan,rich,1
GTxx,willmcgugan,rich,1
joaqo,willmcgugan,rich,1
luizyao,willmcgugan,rich,1
queragion2726,willmcgugan,rich,1
